Epoch,Loss
1,5.891867470703125
2,5.574164392089844
3,5.463169797363281
4,5.392998098144531
5,5.344725524902343
6,5.311823459472656
7,5.282154597167969
8,5.266291105957031
9,5.250285102539062
10,5.239604416503906
11,5.230025361328125
12,5.218538298339844
13,5.21147619140625
14,5.203133598632813
15,5.199851008300781
16,5.191969284667969
17,5.18772505859375
18,5.185000380859375
19,5.177619401855469
20,5.1724736328125
21,5.1687905688476565
22,5.164677399902343
23,5.161109516601562
24,5.158021845703125
25,5.1533796484375
26,5.149969130859375
27,5.146130649414062
28,5.148714289550782
29,5.1420341967773435
30,5.140089594726563
31,5.1378959619140625
32,5.134736486816406
33,5.1305918774414065
34,5.129727614746094
35,5.130965952148437
36,5.1234532421875
37,5.121347006835937
38,5.1190049047851565
39,5.117853540039063
40,5.11837509765625
41,5.1139328759765625
42,5.115641123046875
43,5.109031469726562
44,5.109154145507812
45,5.105268317871094
46,5.106030979003906
47,5.1044092822265625
48,5.102799938964844
49,5.100014375
50,5.098166501464844
51,5.097729580078125
52,5.095151984863281
53,5.093669748535156
54,5.092951684570313
55,5.092286989746094
56,5.089484799804688
57,5.087653757324219
58,5.0871639965820314
59,5.086667253417969
60,5.085075224609375
61,5.084593486328125
62,5.083398444824219
63,5.081457717285156
64,5.078622661132813
65,5.0824536206054685
66,5.078553930664063
67,5.0768778515625
68,5.076586354980469
69,5.07583818359375
70,5.074580078125
71,5.072526232910156
72,5.073854431152344
73,5.072256577148438
74,5.069089677734375
75,5.065215051269531
76,5.067465834960937
77,5.066231997070313
78,5.065562990722656
79,5.064397568359375
80,5.064797409667968
81,5.063382697753906
82,5.061932946777344
83,5.058698635253906
84,5.061953400878906
85,5.058248601074219
86,5.058132658691406
87,5.059729555664062
88,5.05714228515625
89,5.053308991699219
90,5.055748525390625
91,5.050835021972656
92,5.051904816894531
93,5.051061806640625
94,5.051926750488281
95,5.053541147460938
96,5.051865559082032
97,5.0504512158203125
98,5.049399714355469
99,5.049073122558593
100,5.0473989306640625
101,5.046120270996094
102,5.044681728515625
103,5.0448203369140625
104,5.044213359375
105,5.042222131347656
106,5.043610036621094
107,5.0416392895507816
108,5.040923720703125
109,5.039440192871094
110,5.041604514160157
111,5.039633156738281
112,5.041148874511719
113,5.036187409667969
114,5.036596884765625
115,5.034853127441406
116,5.036443271484375
117,5.034869987792969
118,5.03829005859375
119,5.034727419433594
120,5.032510590820313
121,5.035652341308594
122,5.032620886230469
123,5.034053532714844
124,5.034745551757813
125,5.030802985839844
126,5.030996884765625
127,5.0315232177734375
128,5.0273452978515625
129,5.029362863769531
130,5.029197629394531
131,5.028863391113282
132,5.030017326660157
133,5.025979096679688
134,5.028374982910156
135,5.026575341796875
136,5.026514897460937
137,5.025458991699219
138,5.02350998046875
139,5.027137749023438
140,5.024841000976562
141,5.022640710449219
142,5.023336511230469
143,5.0216257202148435
144,5.0252885864257815
145,5.023363024902344
146,5.02178466796875
147,5.0199404125976566
148,5.02053953125
149,5.021115710449219
150,5.020959636230469
151,5.018682644042968
152,5.019776921386719
153,5.017743972167969
154,5.018817373046875
155,5.01807734375
156,5.019158510742187
157,5.0150999072265625
158,5.014546159667969
159,5.015224611816406
160,5.014753713378906
161,5.016138603515625
162,5.016472177734375
163,5.014732644042969
164,5.014426809082031
165,5.0144845385742185
166,5.0114313891601565
167,5.011264660644532
168,5.012513442382812
169,5.0131507446289065
170,5.01220953125
171,5.012473427734375
172,5.010292580566406
173,5.011840144042969
174,5.012573999023438
175,5.010075026855469
176,5.007380629882812
177,5.010374040527344
178,5.010797854003906
179,5.009427800292968
180,5.0089404809570315
181,5.009098310546875
182,5.0095147583007815
183,5.008201806640625
184,5.006729267578125
185,5.006787536621093
186,5.007194765625
187,5.004921716308594
188,5.005793334960938
189,5.005772111816406
190,5.005026918945313
191,5.003914443359375
192,5.005292282714843
193,5.004630231933594
194,5.0056477319335935
195,5.003800139160156
196,5.0029065063476565
197,5.004630754394531
198,5.004255395507813
199,5.003125139160156
200,5.002533376464844
201,5.001303566894531
202,5.000857580566406
203,5.001086081542969
204,4.99847046875
205,5.001413977050781
206,5.003599116210937
207,4.997337578125
208,4.997204768066406
209,5.000403527832031
210,4.999499602050781
211,4.9972528515625
212,4.999515183105469
213,4.997779650878906
214,4.9977785546875
215,4.996809467773438
216,4.99721123046875
217,4.997066767578125
218,4.996922893066406
219,4.996964174804687
220,4.99627921875
221,4.996058640136718
222,4.997603500976562
223,4.9946530493164065
224,4.995843828125
225,5.0001528125
226,4.9961404321289065
227,4.9950143383789065
228,4.995853168945312
229,4.998634562988281
230,4.993162155761719
231,4.992902331542969
232,4.99693375
233,4.993928408203125
234,4.992456225585937
235,4.994954975585937
236,4.992218395996094
237,4.994047609863281
238,4.995090334472656
239,4.9917104614257815
240,4.990267985839844
241,4.992851569824219
242,4.991654274902344
243,4.9925334228515625
244,4.990621879882813
245,4.991537863769532
246,4.989084362792969
247,4.991384660644531
248,4.99076294921875
249,4.991479616699219
250,4.990403571777343
251,4.988065068359375
252,4.989749609375
253,4.989651501464844
254,4.987197844238281
255,4.988490200195312
256,4.989351240234375
257,4.989021328125
258,4.988646130371094
259,4.987187143554688
260,4.9900976806640625
261,4.988365202636719
262,4.987779763183593
263,4.986435126953125
264,4.990079135742188
265,4.9873453393554685
266,4.9850924340820315
267,4.986918161621094
268,4.987181796875
269,4.985333542480468
270,4.986301447753906
271,4.985878227539063
272,4.989222475585938
273,4.986314296875
274,4.986863095703125
275,4.984288969726562
276,4.984482062988281
277,4.985182797851563
278,4.98633494140625
279,4.986149506835938
280,4.982746948242188
281,4.985596472167969
282,4.984504714355468
283,4.9806256860351565
284,4.984607282714844
285,4.9858495703125
286,4.983903718261719
287,4.98283181640625
288,4.983134919433594
289,4.983847746582032
290,4.984487861328125
291,4.98359447265625
292,4.979347468261719
293,4.981331110839844
294,4.983059753417969
295,4.980184299316406
296,4.981101611328125
297,4.9797483203125
298,4.97946298828125
299,4.979567624511719
300,4.983196413574219
301,4.981377209472656
302,4.9795728125
303,4.981589790039062
304,4.979556018066407
305,4.981834689941406
306,4.980602546386719
307,4.979271354980469
308,4.978900971679687
309,4.977755981445313
310,4.980682985839843
311,4.981804487304688
312,4.979554221191406
313,4.977290478515625
314,4.978110263671875
315,4.979418757324218
316,4.976515856933593
317,4.979542319335938
318,4.979866623535156
319,4.976700034179688
320,4.980188623046875
321,4.979239833984375
322,4.977095712890625
323,4.980155180664062
324,4.97643740234375
325,4.975549404296875
326,4.977642270507813
327,4.976061804199219
328,4.9787146240234375
329,4.975297429199219
330,4.974359943847657
331,4.977358364257812
332,4.975405285644531
333,4.975647458496094
334,4.977439235839844
335,4.976247644042969
336,4.977171755371094
337,4.974207890625
338,4.977482919921875
339,4.973717941894531
340,4.979134440917969
341,4.974187570800781
342,4.97414080078125
343,4.9748921655273435
344,4.974976047363281
345,4.974482202148438
346,4.9744839184570315
347,4.975039362792969
348,4.974091166992188
349,4.973781530761719
350,4.976882470703125
351,4.97397296875
352,4.9759866015625
353,4.975704084472656
354,4.9748517919921875
355,4.972523566894531
356,4.974891296386719
357,4.9741295703125
358,4.9705753686523435
359,4.971140314941406
360,4.971849653320312
361,4.969963298339843
362,4.973228149414062
363,4.9752760546875
364,4.971483737792969
365,4.971431403808594
366,4.973031420898438
367,4.973296645507813
368,4.971223754882812
369,4.972012138671875
370,4.9705347778320315
371,4.97336685546875
372,4.973071032714844
373,4.970898698730469
374,4.97085486328125
375,4.969151196289062
376,4.970499272460938
377,4.970297622070312
378,4.969163723144531
379,4.9726380029296875
380,4.969249084472656
381,4.970501286621094
382,4.9705914599609375
383,4.971723547363281
384,4.970157058105468
385,4.9678401586914065
386,4.970297612304687
387,4.969604924316406
388,4.9705537475585935
389,4.9701225415039065
390,4.97250470703125
391,4.969349541015625
392,4.968626379394531
393,4.971454633789063
394,4.9686674047851564
395,4.968237883300781
396,4.969402651367187
397,4.967342875976563
398,4.968895859375
399,4.96772728515625
400,4.970244033203125
401,4.968547255859375
402,4.968176882324219
403,4.968574479980469
404,4.968172438964844
405,4.965399655761718
406,4.965613620605469
407,4.9672370678710935
408,4.969840329589844
409,4.970004099121094
410,4.966572524414063
411,4.966592878417969
412,4.96680306640625
413,4.968058764648437
414,4.969249106445313
415,4.966620988769531
416,4.967612390136718
417,4.966526557617187
418,4.965820314941406
419,4.9648454467773435
420,4.966279152832032
421,4.966168518066406
422,4.965415546875
423,4.965994821777344
424,4.96673201171875
425,4.965911330566406
426,4.965162797851563
427,4.963725424804688
428,4.964094011230468
429,4.964888781738281
430,4.964754636230468
431,4.963893190917969
432,4.965919907226563
433,4.964664487304687
434,4.965188532714844
435,4.966117722167969
436,4.966989865722656
437,4.964621491699218
438,4.961828930664063
439,4.963506264648437
440,4.966817155761719
441,4.9646734155273435
442,4.962441162109375
443,4.963004755859375
444,4.962009536132813
445,4.965014299316406
446,4.9645127416992185
447,4.962228410644531
448,4.96625267578125
449,4.965357419433594
450,4.964355859375
451,4.96134025390625
452,4.9638537548828126
453,4.9657453295898435
454,4.965019599609375
455,4.9630477734375
456,4.960306689453125
457,4.963084885253906
458,4.963926564941406
459,4.960888442382813
460,4.962941398925781
461,4.9655316943359376
462,4.961828637695312
463,4.963322470703125
464,4.962503723144531
465,4.963269323730469
466,4.963857104492187
467,4.963359057617187
468,4.962825766601562
469,4.963311127929687
470,4.963399873046875
471,4.960421062011719
472,4.961455517578125
473,4.9605383715820315
474,4.963125551757813
475,4.962477670898438
476,4.959648986816406
477,4.962099116210937
478,4.961935163574219
479,4.959895510253906
480,4.962768981933594
481,4.962370671386719
482,4.961448803710938
483,4.9588797412109376
484,4.9610086694335935
485,4.959600576171875
486,4.959806716308594
487,4.959006752929687
488,4.962066953125
489,4.959612653808594
490,4.960481018066406
491,4.95987041015625
492,4.96173478515625
493,4.961003815917969
494,4.960093894042969
495,4.960273132324219
496,4.960201545410157
497,4.960325888671875
498,4.960480126953125
499,4.958071459960937
500,4.960825234375
1,6.126626391601563
2,5.826820180664063
3,5.708745183105469
4,5.644964418945312
5,5.598646264648438
6,5.569493017578125
7,5.545269655761719
8,5.530900554199219
9,5.517414697265625
10,5.504157770996094
11,5.496008193359375
12,5.488904685058594
13,5.480835378417969
14,5.47340748046875
15,5.466617749023437
16,5.462988447265625
17,5.459819060058594
18,5.448783713378906
19,5.448054892578125
20,5.44472833984375
21,5.437305849609375
22,5.4341146875
23,5.432345786132813
24,5.428832145996093
25,5.422412434082031
26,5.422791140136718
27,5.417267016601563
28,5.416496247558594
29,5.413746125488281
30,5.411255300292969
31,5.407797145996094
32,5.403862646484375
33,5.4018734765625
34,5.401895126953125
35,5.398002673339843
36,5.396373137207031
37,5.393196950683594
38,5.390880234375
39,5.389399401855469
40,5.387822807617187
41,5.384409248046875
42,5.381193364257813
43,5.381495144042969
44,5.377970173339844
45,5.3773619750976565
46,5.375560551757813
47,5.373523815917968
48,5.372989702148438
49,5.370002819824219
50,5.369376240234375
51,5.368132233886719
52,5.365411684570312
53,5.3662761303710935
54,5.363150114746094
55,5.363577585449219
56,5.3605343627929685
57,5.361416904296875
58,5.357913122558593
59,5.354750495605469
60,5.35533923828125
61,5.3545760400390625
62,5.353031723632813
63,5.351185061035157
64,5.350039367675781
65,5.348151928710937
66,5.344434248046875
67,5.344221525878906
68,5.345508674316406
69,5.3462594921875
70,5.343702177734375
71,5.342967236328125
72,5.34194640625
73,5.338552651367188
74,5.338420402832031
75,5.336879348144532
76,5.337529543457031
77,5.3361954125976565
78,5.335870600585937
79,5.334707817382813
80,5.334391357421875
81,5.332272819824219
82,5.330589877929688
83,5.332683679199219
84,5.32913876953125
85,5.327640893554688
86,5.329304191894531
87,5.329199072265625
88,5.326030078125
89,5.324832868652344
90,5.322059541015625
91,5.324437543945312
92,5.323487692871094
93,5.321469560546875
94,5.323018859863281
95,5.3201779565429685
96,5.318345158691407
97,5.318091259765625
98,5.319399267578125
99,5.319557182617188
100,5.317504899902343
101,5.317909052734375
102,5.316774951171875
103,5.31521359375
104,5.3129727392578125
105,5.3133373828125
106,5.312534721679688
107,5.310005822753906
108,5.309193586425781
109,5.311241560058594
110,5.30969626953125
111,5.309822272949218
112,5.310228032226562
113,5.307814975585938
114,5.308037932128906
115,5.30622357421875
116,5.307476459960937
117,5.30543802734375
118,5.304047026367187
119,5.3076659521484375
120,5.303850075683593
121,5.30343453125
122,5.303497824707032
123,5.301363974609375
124,5.302982009277343
125,5.301102084960937
126,5.302401254882812
127,5.300843991699219
128,5.299197814941406
129,5.299830002441406
130,5.299112641601562
131,5.2998091796875
132,5.297217624511719
133,5.296657890625
134,5.298718525390625
135,5.298037321777343
136,5.296417697753906
137,5.297751945800782
138,5.294448464355469
139,5.293160703125
140,5.2939476171875
141,5.294031657714844
142,5.2928694921875
143,5.292105043945313
144,5.2914275317382815
145,5.291283625488282
146,5.293228591308594
147,5.288905310058594
148,5.289876079101562
149,5.291114375
150,5.290443627929688
151,5.289627729492188
152,5.287488344726563
153,5.289098713378906
154,5.290246967773437
155,5.286692624511719
156,5.2887273950195315
157,5.289639736328125
158,5.288782294921875
159,5.285063449707032
160,5.286987465820313
161,5.286517492675781
162,5.286406433105468
163,5.283997692871094
164,5.284950825195312
165,5.282858237304687
166,5.282252170410156
167,5.282617885742187
168,5.284559755859375
169,5.284005720214844
170,5.281590900878906
171,5.282952250976562
172,5.2821180615234375
173,5.279757990722656
174,5.280279553222656
175,5.279591064453125
176,5.2824335522460935
177,5.278962839355469
178,5.2804733203125
179,5.279938784179688
180,5.279251596679687
181,5.276980871582031
182,5.28002873046875
183,5.278277529296875
184,5.277977443847656
185,5.276520834960937
186,5.2766984521484375
187,5.278513422851563
188,5.277009262695312
189,5.277046645507813
190,5.2763594873046875
191,5.276400190429688
192,5.275703024902343
193,5.272969799804687
194,5.272990419921875
195,5.276688391113281
196,5.272676611328125
197,5.274183581542969
198,5.275087116699218
199,5.27227615234375
200,5.273535168457031
201,5.272187507324219
202,5.271986962890625
203,5.272236550292969
204,5.271865837402344
205,5.272965786132812
206,5.272973356933594
207,5.272124631347657
208,5.271128608398437
209,5.271548798828125
210,5.270381708984375
211,5.270403791503906
212,5.269898491210937
213,5.269175590820312
214,5.270035358886719
215,5.270315288085937
216,5.269690883789062
217,5.268820454101562
218,5.269256352539062
219,5.270888449707031
220,5.268008247070313
221,5.269073994140625
222,5.266958720703125
223,5.268029982910156
224,5.267615659179688
225,5.2660535546875
226,5.269211398925782
227,5.265880090332031
228,5.266868999023438
229,5.2640954638671875
230,5.267050515136718
231,5.2664555395507815
232,5.266515390625
233,5.266176381835938
234,5.2640163110351565
235,5.266983413085938
236,5.264733840332031
237,5.2642007543945315
238,5.264027963867187
239,5.26523529296875
240,5.263642888183594
241,5.264121508789063
242,5.263629536132813
243,5.26173021484375
244,5.2634684765625
245,5.261144614257812
246,5.2620612915039064
247,5.263964038085938
248,5.2641000390625
249,5.26183900390625
250,5.2618577734375
251,5.2625246533203125
252,5.260328735351562
253,5.2630436328125
254,5.261775239257813
255,5.261575219726563
256,5.26329765625
257,5.2601022265625
258,5.259802443847656
259,5.259830532226562
260,5.258966923828125
261,5.2586677294921875
262,5.258545688476563
263,5.26164765625
264,5.258372941894531
265,5.260727238769531
266,5.259698684082031
267,5.259418845214844
268,5.259590256347656
269,5.2598784936523435
270,5.2603993212890625
271,5.259144602050781
272,5.259774370117188
273,5.2572650024414065
274,5.257150966796875
275,5.255217438964844
276,5.258113156738281
277,5.259037033691406
278,5.254962536621094
279,5.258270498046875
280,5.257449501953125
281,5.258129287109375
282,5.257111979980468
283,5.2577073510742185
284,5.257876643066406
285,5.2540809521484375
286,5.255128813476563
287,5.256940344238282
288,5.257081328125
289,5.2528123168945315
290,5.255801833496093
291,5.25575328125
292,5.254033615722657
293,5.252637023925781
294,5.253969133300782
295,5.255705529785156
296,5.2553521166992185
297,5.255445590820313
298,5.254069799804688
299,5.253510295410156
300,5.252612470703125
301,5.253873395996094
302,5.25634525390625
303,5.253578212890625
304,5.255987746582031
305,5.251896186523438
306,5.252580065917969
307,5.2523675463867185
308,5.250589025878906
309,5.252117509765625
310,5.251688537597656
311,5.253123713378907
312,5.251547275390625
313,5.252048022460937
314,5.250720771484375
315,5.2501510522460935
316,5.253189975585937
317,5.252128588867188
318,5.250320349121094
319,5.250638330078125
320,5.2506118872070315
321,5.2508355151367185
322,5.249607756347657
323,5.251083625488281
324,5.250993950195313
325,5.247943681640625
326,5.250834855957031
327,5.250800249023437
328,5.24766927734375
329,5.251550161132813
330,5.248293354492188
331,5.247526748046875
332,5.249941926269531
333,5.24996541015625
334,5.25047224609375
335,5.248496782226563
336,5.245106733398438
337,5.248678688964843
338,5.247249982910156
339,5.248753413085938
340,5.2473005078125
341,5.2490951953125
342,5.248938669433594
343,5.246573615722657
344,5.24606955078125
345,5.246973151855468
346,5.247816958007813
347,5.249122937011719
348,5.247072810058594
349,5.246783662109375
350,5.248303188476562
351,5.245286704101562
352,5.246565561523438
353,5.24721638671875
354,5.247883447265625
355,5.248174812011719
356,5.246823530273438
357,5.2445914184570315
358,5.246663937988282
359,5.246306315917969
360,5.245612973632812
361,5.2455233471679685
362,5.245731181640625
363,5.2451908203125
364,5.24716712890625
365,5.244718029785156
366,5.244174716796875
367,5.243462705078125
368,5.245320510253906
369,5.241779599609375
370,5.243183278808594
371,5.244887531738281
372,5.24642978515625
373,5.243238203125
374,5.245419660644531
375,5.241500112304688
376,5.241857834472656
377,5.243583408203125
378,5.242725007324219
379,5.2434986401367185
380,5.2459526342773435
381,5.242707275390625
382,5.2427958715820315
383,5.243253645019531
384,5.243151843261718
385,5.239876003417969
386,5.241415073242187
387,5.243142341308594
388,5.241338596191406
389,5.241241254882812
390,5.24317876953125
391,5.243235834960937
392,5.244331337890625
393,5.2425921484375
394,5.241734768066406
395,5.239829370117188
396,5.241003664550782
397,5.242032385253906
398,5.24221076171875
399,5.239393254394531
400,5.24124255859375
401,5.241291904296875
402,5.241625727539063
403,5.241760786132812
404,5.239401447753906
405,5.242464018554688
406,5.240361677246094
407,5.240060004882812
408,5.240227509765625
409,5.241893154296875
410,5.240172934570312
411,5.2413997143554685
412,5.2414873828125
413,5.239563356933593
414,5.2394384106445315
415,5.2391072729492185
416,5.238990170898438
417,5.240981840820313
418,5.2395085864257815
419,5.238463500976563
420,5.238925170898438
421,5.240963015136718
422,5.241310734863281
423,5.241697282714844
424,5.238984521484375
425,5.237489311523437
426,5.2387935546875
427,5.238351821289062
428,5.238791818847656
429,5.240482937011719
430,5.237774821777344
431,5.238591264648438
432,5.2394291479492185
433,5.236181328125
434,5.2383356127929686
435,5.237416486816406
436,5.23639509765625
437,5.236269716796875
438,5.236865539550781
439,5.236746047363281
440,5.235724873046875
441,5.238432565917969
442,5.2378777124023435
443,5.235283703613281
444,5.236800686035156
445,5.239127416992187
446,5.2368273510742185
447,5.2373476953125
448,5.236374643554687
449,5.237881704101563
450,5.2382101611328125
451,5.236565725097656
452,5.236132436523437
453,5.235393447265625
454,5.235159978027344
455,5.236882707519531
456,5.236113972167969
457,5.233205476074219
458,5.234742236328125
459,5.237741682128906
460,5.235590036621094
461,5.23797783203125
462,5.23590166015625
463,5.234459680175782
464,5.236201315917969
465,5.234365307617187
466,5.235871987304687
467,5.2349996240234375
468,5.234084956054687
469,5.235018334960937
470,5.233993469238281
471,5.233539768066406
472,5.232047802734375
473,5.234331032714843
474,5.234190388183594
475,5.236445241699219
476,5.234049790039062
477,5.234521811523438
478,5.234674799804687
479,5.234250139160157
480,5.23437609375
481,5.233775629882812
482,5.2350887426757815
483,5.234366589355469
484,5.235488137207032
485,5.2341155859375
486,5.234345393066406
487,5.233592431640625
488,5.234421826171875
489,5.234160483398438
490,5.232022390136719
491,5.232118615722657
492,5.231649357910157
493,5.234445383300781
494,5.235484611816406
495,5.235682041015625
496,5.232325458984375
497,5.231496711425781
498,5.231601052246094
499,5.233075903320312
500,5.231262573242187
1,5.927369973144531
2,5.939836003417969
3,5.939834133300781
4,5.939825036621094
5,5.939828022460937
6,5.939833051757812
7,5.939830441894531
8,5.939838220214844
9,5.939836118164062
10,5.939832399902344
11,5.939831096191406
12,5.939824204101562
13,5.93982876953125
14,5.939857631835937
15,5.939852678222656
1,6.502459204101562
2,6.517078540039062
3,6.631884096679688
4,6.631846538085938
1,5.069295051269531
2,4.821764738769531
3,4.722581416015625
4,4.661283078613281
5,4.617546059570312
6,4.5907399755859375
7,4.560066665039063
8,4.546727407226562
9,4.531292377929687
10,4.5176512426757816
11,4.5070897265625
12,4.499114633789063
13,4.4929297265625
14,4.487069953613282
15,4.480694934082031
16,4.475574169921875
17,4.466329792480469
18,4.464589418945312
19,4.458974443359375
20,4.456288479003907
21,4.454122861328125
22,4.44934763671875
23,4.445582897949219
24,4.44182927734375
25,4.435865749511719
26,4.434381560058593
27,4.433078056640625
28,4.430372258300781
29,4.424178540039063
30,4.426732641601562
31,4.420470388183594
32,4.418821997070313
33,4.418360920410156
34,4.415389458007812
35,4.411897019042969
36,4.406768051757813
37,4.407161215820312
38,4.404385080566406
39,4.402826506347656
40,4.402471813964843
41,4.399231137695312
42,4.395682414550781
43,4.3969124536132815
44,4.391845610351562
45,4.391900378417969
46,4.392753491210938
47,4.388096245117188
48,4.387975378417969
49,4.387593369140625
50,4.383479221191406
51,4.384421320800781
52,4.38342001953125
53,4.379080173339844
54,4.380437780761719
55,4.375931196289063
56,4.375135146484375
57,4.371461274414062
58,4.370235358886719
59,4.371125068359375
60,4.370644443359375
61,4.367961218261719
62,4.369661262207031
63,4.365745563964844
64,4.364684150390625
65,4.363968479003907
66,4.364774826660156
67,4.360878874511719
68,4.361355886230469
69,4.359538190917969
70,4.358472199707031
71,4.360468930664062
72,4.357846811523437
73,4.354795009765625
74,4.354715947265625
75,4.350792397460937
76,4.351026533203125
77,4.351640710449219
78,4.349760541992188
79,4.350296262207031
80,4.350289750976563
81,4.348254450683593
82,4.345685908203125
83,4.345198715820312
84,4.3449924658203125
85,4.344138391113281
86,4.343461501464843
87,4.344352224121094
88,4.342053525390625
89,4.341472180175781
90,4.339822268066406
91,4.3371143603515625
92,4.336577919921875
93,4.337266452636719
94,4.337647561035157
95,4.3328163159179685
96,4.335996564941406
97,4.335291508789062
98,4.334834091796875
99,4.3324444921875
100,4.333571137695312
101,4.332671228027344
102,4.332117907714844
103,4.328332397460938
104,4.332318540039062
105,4.329195166015625
106,4.326994245605468
107,4.329211833496093
108,4.33085087890625
109,4.325226748046875
110,4.32453197265625
111,4.325348522949219
112,4.322253364257812
113,4.32344669921875
114,4.320969030761718
115,4.323435104980469
116,4.321059111328125
117,4.321560795898438
118,4.320848073730469
119,4.3208181494140625
120,4.320359775390625
121,4.3182737646484375
122,4.318275480957031
123,4.318731713867187
124,4.3188518408203125
125,4.316131376953125
126,4.316572531738281
127,4.314950700683593
128,4.315940078125
129,4.315436110839844
130,4.31341673828125
131,4.315049282226562
132,4.3146845483398435
133,4.314069399414063
134,4.313325651855469
135,4.312757038574219
136,4.310319174804688
137,4.310790695800781
138,4.312189699707031
139,4.311483986816406
140,4.308276806640625
141,4.307946076660156
142,4.310027421875
143,4.309400095214844
144,4.307210197753906
145,4.308714748535157
146,4.306103955078125
147,4.307820686035156
148,4.308066884765625
149,4.307998435058594
150,4.3045781591796874
151,4.306892746582031
152,4.306913142089844
153,4.3040186083984375
154,4.303665825195313
155,4.3044299658203125
156,4.30219712890625
157,4.303447854003906
158,4.3017941796875
159,4.30277748046875
160,4.3024079370117185
161,4.303269375
162,4.3018305786132816
163,4.3021127392578125
164,4.300788549804688
165,4.297175693359375
166,4.298919509277344
167,4.301282946777344
168,4.2993700659179686
169,4.298740024414062
170,4.2986111157226565
171,4.294496850585937
172,4.297036921386718
173,4.297113249511718
174,4.296334389648438
175,4.295513940429688
176,4.2974667797851565
177,4.294846245117188
178,4.296645998535157
179,4.297737709960938
180,4.2970754736328125
181,4.296515646972656
182,4.2940642651367185
183,4.295767946777344
184,4.2933780322265624
185,4.291816345214844
186,4.296117045898438
187,4.295170463867188
188,4.290737478027344
189,4.292368205566406
190,4.293424147949219
191,4.291586796875
192,4.292738234863282
193,4.2902720703125
194,4.289868991699219
195,4.290802019042968
196,4.289634582519532
197,4.289581987304688
198,4.28928900390625
199,4.287877465820313
200,4.2908426953125
201,4.288446821289062
202,4.289535817871093
203,4.287586850585938
204,4.289180131835938
205,4.288358999023438
206,4.2889031860351565
207,4.287264799804688
208,4.28921154296875
209,4.287226311035156
210,4.286756140136719
211,4.288634350585937
212,4.284873134765625
213,4.2853712109375
214,4.286547561035157
215,4.286225158691407
216,4.285647995605469
217,4.285993200683594
218,4.282690495605468
219,4.284753813476563
220,4.283441293945312
221,4.285359450683594
222,4.284329396972656
223,4.282585419921875
224,4.285408312988281
225,4.283478959960937
226,4.281561635742188
227,4.283137797851563
228,4.283871567382812
229,4.280692143554687
230,4.283370710449219
231,4.281096157226562
232,4.284912607421875
233,4.284109777832032
234,4.28154984375
235,4.279596530761719
236,4.2808651171875
237,4.279000971679688
238,4.2796307641601565
239,4.280488537597656
240,4.278036000976562
241,4.278501120605469
242,4.278697338867188
243,4.2798059594726565
244,4.278870971679687
245,4.277942077636719
246,4.279385004882813
247,4.279112026367187
248,4.278313208007813
249,4.277572744140625
250,4.27894005859375
251,4.276143149414063
252,4.275372153320313
253,4.276185769042969
254,4.278217741699219
255,4.277426088867188
256,4.276756357421875
257,4.27725650390625
258,4.27717662109375
259,4.275390900878906
260,4.277999528808594
261,4.276362946777343
262,4.276079418945312
263,4.27491916015625
264,4.276408156738281
265,4.2758294140625
266,4.2735873046875
267,4.274427907714844
268,4.273607238769531
269,4.274766354980469
270,4.276680954589843
271,4.273128056640625
272,4.271961557617187
273,4.2716357666015625
274,4.275361496582032
275,4.272745793457031
276,4.27421451171875
277,4.27164486328125
278,4.2722468334960935
279,4.275697414550781
280,4.273855358886719
281,4.273573669433594
282,4.273057216796875
283,4.273362626953125
284,4.272672434082032
285,4.271158291015625
286,4.273122009277344
287,4.271231508789063
288,4.27040115234375
289,4.271211723632812
290,4.271145815429687
291,4.272389560546875
292,4.271906267089844
293,4.270017209472656
294,4.272826337890625
295,4.270266066894531
296,4.269729575195313
297,4.270483842773437
298,4.2674445947265625
299,4.270495231933594
300,4.268403642578125
301,4.2691917358398435
302,4.270573459472656
303,4.269592761230469
304,4.2699522973632815
305,4.269549873046875
306,4.269819523925781
307,4.267911616210937
308,4.268398210449218
309,4.269772302246094
310,4.2686936669921876
311,4.265418352050781
312,4.266403435058594
313,4.267056359863282
314,4.267633203125
315,4.266894765625
316,4.265415883789062
317,4.26762181640625
318,4.268636799316406
319,4.26809515625
320,4.266030756835938
321,4.2660420703125
322,4.266634748535156
323,4.268076389160156
324,4.267335842285156
325,4.265720815429687
326,4.268702817382812
327,4.265664758300781
328,4.265068198242187
329,4.266713764648437
330,4.264554240722656
331,4.267099799804687
332,4.266605483398438
333,4.264988071289062
334,4.266760427246094
335,4.265337641601563
336,4.264906193847656
337,4.264909182128906
338,4.263136821289063
339,4.263009201660156
340,4.265019477539062
341,4.265217229003906
342,4.264753876953125
343,4.264680478515625
344,4.262878610839843
345,4.264281335449219
346,4.265894020996094
347,4.263915383300781
348,4.262819645996093
349,4.261895771484375
350,4.265488422851562
351,4.265077668457031
352,4.262830075683594
353,4.263210395507812
354,4.262077194824219
355,4.261493371582032
356,4.262931730957031
357,4.26082623046875
358,4.260823771972656
359,4.263090942382813
360,4.262261857910156
361,4.263658740234375
362,4.262418269042969
363,4.260067775878906
364,4.262084448242187
365,4.263604016113281
366,4.262694265136719
367,4.264168349609375
368,4.262759077148438
369,4.260559482421875
370,4.261402353515625
371,4.262014921875
372,4.259978735351562
373,4.260201215820312
374,4.261784582519531
375,4.261707414550782
376,4.256868784179687
377,4.261360717773438
378,4.259155544433594
379,4.260196589355469
380,4.260032321777344
381,4.259923271484375
382,4.258242622070313
383,4.259956623535156
384,4.257794819335937
385,4.260123454589844
386,4.261512563476563
387,4.259690815429687
388,4.2581205493164065
389,4.259120686035156
390,4.2577291625976565
391,4.259385185546875
392,4.257342097167969
393,4.256661101074219
394,4.257185771484375
395,4.259069641113281
396,4.25898037109375
397,4.258467707519531
398,4.258678151855468
399,4.2588247387695315
400,4.258591186523438
401,4.258843500976562
402,4.256708129882813
403,4.259318371582031
404,4.2580441943359375
405,4.256142104492188
406,4.256352741699219
407,4.258431047363281
408,4.258978420410156
409,4.2584165698242185
410,4.258586552734375
411,4.258757282714844
412,4.258417172851562
413,4.2555792333984375
414,4.254977177734375
415,4.2570788671875
416,4.256171955566407
417,4.256034916992188
418,4.256902326660156
419,4.255104111328125
420,4.256195280761719
421,4.252995974121093
422,4.255341625976563
423,4.2573903979492185
424,4.2564777661132815
425,4.255399956054688
426,4.256920632324219
427,4.257136020507812
428,4.25297232421875
429,4.2528040405273435
430,4.257546577148437
431,4.255737829589844
432,4.25432734375
433,4.256952614746094
434,4.2545009228515624
435,4.253506752929687
436,4.2552065625
437,4.253967114257812
438,4.253779140625
439,4.2535685620117185
440,4.255127253417969
441,4.253842822265625
442,4.25283115234375
443,4.251315966796875
444,4.254216025390625
445,4.253345534667969
446,4.253582053222656
447,4.252930270996094
448,4.253551298828125
449,4.254557224121093
450,4.253009970703125
451,4.254248720703125
452,4.2526123901367185
453,4.255001650390625
454,4.254147717285156
455,4.251917509765625
456,4.255231450195312
457,4.253854399414062
458,4.252559123535156
459,4.253304250488282
460,4.254676381835938
461,4.253017453613281
462,4.254914033203125
463,4.250830263671875
464,4.252968276367188
465,4.253416428222656
466,4.25146802734375
467,4.253638149414063
468,4.253198234863281
469,4.251893176269531
470,4.250750522460938
471,4.25241525390625
472,4.251830134277344
473,4.252555244140625
474,4.2511157177734376
475,4.2518821875
476,4.25051966796875
477,4.2501225
478,4.250256809082031
479,4.251717868652344
480,4.2534026953125
481,4.25299884765625
482,4.252687700195312
483,4.249904782714844
484,4.252236599121094
485,4.251051574707032
486,4.250817980957032
487,4.251933310546875
488,4.250553000488281
489,4.2498448095703125
490,4.252496123046875
491,4.251139697265625
492,4.249901088867188
493,4.2512126953125
494,4.2510160107421875
495,4.252017863769531
496,4.250353256835938
497,4.250741120605468
498,4.24953064453125
499,4.250340280761718
500,4.250928706054688
